nct_id,title,status,phase,condition,brief_summary,eligibility_criteria,enrollment_count,start_date,completion_date,sponsor,plain_summary,key_eligibility_points
NCT00000620,Lifestyle Intervention for Glycemic Control in Type 2 Diabetes,COMPLETED,NA,Type 2 Diabetes Mellitus,"This study evaluates whether a structured diet and exercise intervention, delivered over 12 months, improves long-term blood glucose control compared to standard care in adults recently diagnosed with type 2 diabetes.",Inclusion Criteria: Adults aged 18-65; HbA1c between 7.0% and 10.0% at screening; diagnosed with type 2 diabetes within the past 5 years; able to participate in moderate physical activity. Exclusion Criteria: Type 1 diabetes; current insulin therapy; pregnancy; history of bariatric surgery; uncontrolled cardiovascular disease.,412,2019-03-01,2022-09-30,Northeastern Metabolic Research Institute,This clinical trial investigates whether a 12-month diet and exercise program can help people with type 2 diabetes control their blood sugar levels better than standard care. The goal is to see if this lifestyle intervention can lead to improved long-term health outcomes for adults recently diagnosed with type 2 diabetes.,"- You must be an adult between 18 and 65 years old.
- Your hemoglobin A1c (HbA1c) level, which measures average blood sugar control over time, should be between 7.0% and 10.0%.
- You must have been diagnosed with type 2 diabetes within the past five years.
- You need to be able to participate in moderate physical activity.
- If you have a history of certain health conditions or are currently taking insulin therapy, you may not be eligible for this trial."
NCT00001145,Safety and Efficacy of a Novel GLP-1 Agonist in Type 2 Diabetes,RECRUITING,PHASE3,"Type 2 Diabetes Mellitus, Obesity","A randomized, double-blind, placebo-controlled trial assessing the safety and glucose-lowering effect of a once-weekly injectable GLP-1 receptor agonist in adults with type 2 diabetes who are overweight or obese.",Inclusion Criteria: Adults 18 years or older; BMI of 27 or greater; HbA1c between 7.5% and 11.0%; on stable metformin therapy for at least 3 months. Exclusion Criteria: History of pancreatitis; personal or family history of medullary thyroid carcinoma; severe gastrointestinal disease; current use of another GLP-1 agonist or insulin.,1200,2024-01-15,2026-12-31,Horizon Therapeutics Research Division,"This clinical trial is testing a new medicine that helps people with type 2 diabetes control their blood sugar levels. The medicine is given as an injection once a week and aims to improve glucose control in overweight or obese adults with type 2 diabetes. If successful, this treatment could offer a more convenient and effective option for managing this condition.","- You must be at least 18 years old to participate.
- Your body mass index (BMI) should be 27 or higher.
- You must have had stable blood sugar control on metformin therapy for at least three months."
NCT00002873,Continuous Glucose Monitoring in Pediatric Type 2 Diabetes,ACTIVE_NOT_RECRUITING,NA,Type 2 Diabetes Mellitus,"This observational study examines whether continuous glucose monitoring devices improve glycemic awareness and outcomes in adolescents recently diagnosed with type 2 diabetes, compared to standard fingerstick monitoring.",Inclusion Criteria: Age 10-17 years; diagnosed with type 2 diabetes within the past 2 years; parent or guardian able to provide consent. Exclusion Criteria: Type 1 diabetes; current use of insulin pump; cognitive impairment preventing device use.,85,2022-06-01,2025-06-01,Children's Metabolic Health Network,This clinical trial is testing whether using continuous glucose monitoring devices can help teenagers with type 2 diabetes better understand and manage their blood sugar levels. The study aims to see if this technology improves outcomes for young people with a relatively new diagnosis of type 2 diabetes. It's a way to learn more about how to support kids living with this condition.,"- You must be between 10 and 17 years old
- You need to have been diagnosed with type 2 diabetes within the past two years
- A parent or guardian will need to give their consent for you to participate in the study"
NCT00003991,Telehealth Coaching for Diabetes Self-Management,COMPLETED,,Type 2 Diabetes Mellitus,"This study tests whether weekly telehealth coaching sessions focused on diet, medication adherence, and self-monitoring improve HbA1c and quality of life in adults with poorly controlled type 2 diabetes.",Inclusion Criteria: Adults 21 and older; HbA1c greater than 8.0% at enrollment; access to a smartphone or tablet with internet. Exclusion Criteria: Severe hearing or vision impairment preventing telehealth participation; current enrollment in another diabetes management program.,256,2020-02-01,2021-08-15,Eastside Community Health Partners,This clinical trial investigates whether regular coaching sessions through phone or tablet can help people with poorly controlled type 2 diabetes better manage their condition and improve their quality of life. The goal is to see if these sessions can lead to lower blood sugar levels and improved overall well-being. The study aims to answer an important question about how technology can support people living with diabetes.,"- You must be at least 21 years old to participate.
- Your average blood sugar level (HbA1c) should be above 8% when you join the study.
- You need access to a smartphone or tablet with internet to take part in the trial.
- You cannot already be participating in another diabetes management program."
NCT00004520,Gut Microbiome Changes Following Metformin Initiation,NOT_YET_RECRUITING,PHASE1,Type 2 Diabetes Mellitus,"This early-phase study characterizes how gut microbiome composition shifts in the first 12 weeks after starting metformin in newly diagnosed type 2 diabetes patients, to understand whether microbiome changes relate to drug response.","Inclusion Criteria: Adults 18-70; newly diagnosed type 2 diabetes, metformin-naive; willing to provide stool samples at 4 time points. Exclusion Criteria: Antibiotic use within the past 3 months; inflammatory bowel disease; prior bariatric surgery.",60,2026-09-01,2028-03-01,Binghamton University Metabolic Research Lab,"This clinical trial is studying how the bacteria in people's guts change when they start taking metformin, a common medication for type 2 diabetes. The researchers want to understand if these changes affect how well the medication works. By examining this relationship, they hope to gain insights into why some people respond better to metformin than others.","- You must be between 18 and 70 years old.
- You can only join the trial if you've just been diagnosed with type 2 diabetes and haven't taken metformin before.
- You need to be willing to provide stool samples at four different times during the study.
- You can't have taken antibiotics in the past three months.
- You shouldn't have inflammatory bowel disease or have had bariatric surgery in the past."
NCT03428802,"Pembrolizumab in Treating Participants With Metastatic, Recurrent or Locally Advanced Cancer and Genomic Instability",ACTIVE_NOT_RECRUITING,PHASE2,"BRCA1 Gene Mutation, BRCA2 Gene Mutation, Locally Advanced Solid Neoplasm, Metastatic Malignant Solid Neoplasm, POLD1 Gene Mutation, POLE Gene Mutation, Recurrent Malignant Solid Neoplasm, Recurrent Ovarian Carcinoma, Stage III Breast Cancer AJCC v7, Stage III Ovarian Cancer AJCC v8, Stage IIIA Breast Cancer AJCC v7, Stage IIIA Ovarian Cancer AJCC v8, Stage IIIB Breast Cancer AJCC v7, Stage IIIB Ovarian Cancer AJCC v8, Stage IIIC Breast Cancer AJCC v7, Stage IIIC Ovarian Cancer AJCC v8, Stage IV Breast Cancer AJCC v6 and v7, Stage IV Ovarian Cancer AJCC v8, Stage IVA Ovarian Cancer AJCC v8, Stage IVB Ovarian Cancer AJCC v8","This phase II trial studies how well pembrolizumab works in treating participants with cancer that has spread to other places in the body, has come back or has spread to nearby tissues or lymph nodes. Monoclonal antibodies such as, pembrolizumab, may interfere with the ability of tumor cells to grow and spread.","Inclusion Criteria: * Be willing and able to provide written informed consent/assent for the trial * Have a diagnosis of a tumor with evidence of genomic instability on Clinical Laboratory Improvement Amendments (CLIA) certified genomic testing, inclusive of mutations in POLE, POLD1 for arm 1 and in BRCA1 and BRCA2 for arm 2; in arm 2, enrollment of breast and ovarian histologies will be limited to a total of 10 patients * Have advanced cancer (metastatic, recurrent or locally advanced) and measurable disease based on Response Evaluation Criteria in Solid Tumors (RECIST) 1.1 * Be willing to provide archived tumor tissue; tissue from the most obtained core or excisional biopsy of a tumor lesion is preferred; 20 unstained slides are preferred but a minimum of 15 slides will be acceptable; if adequate tissue is not present the patient may consent to a newly obtained biopsy * Have a performance status of 0 or 1 on the Eastern Cooperative Oncology Group (ECOG) performance scale * Absolute neutrophil count (ANC) \>= 1,500 /mcL, performed within 10 days of treatment * Platelets \>= 100,000 / mcL, performed within 10 days of treatment * Hemoglobin \>= 9 g/dL or \>= 5.6 mmol/L without transfusion or erythropoietin (EPO) dependency (within 7 days of assessment), performed within 10 days of treatment * Serum creatinine =\< 1.5 X upper limit of normal (ULN) OR Measured or calculated creatinine clearance \>= 60 mL/min for subject with creatinine levels \> 1.5 X institutional ULN (glomerular filtration rate \[GFR\] can also be used in place of creatinine or creatinine clearance \[CrCl\]), performed within 10 days of treatment * Serum total bilirubin =\< 1.5 X ULN OR direct bilirubin =\< ULN for subjects with total bilirubin levels \> 1.5 ULN, performed within 10 days of treatment * Aspartate aminotransferase (AST) (serum glutamic oxaloacetic transaminase \[SGOT\]) and alanine aminotransferase (ALT) (serum glutamic pyruvic transaminase \[SGPT\]) =\< 2.5 X ULN OR =\< 5 X ULN for subjects with liver metastases, performed within 10 days of treatment * Albumin \>= 2.5 mg/dL, performed within 10 days of treatment * International normalized ratio (INR) or prothrombin time (PT) =\< 1.5 X ULN unless subject is receiving anticoagulant therapy as long as PT or partial thromboplastin time (PTT) is within therapeutic range of intended use of anticoagulants, performed within 10 days of treatment * Activated partial thromboplastin time (aPTT) =\< 1.5 X ULN unless subject is receiving anticoagulant therapy as long as PT or PTT is within therapeutic range of intended use of anticoagulants, performed within 10 days of treatment * Female subject of childbearing potential should have a negative urine or serum pregnancy within 72 hours prior to receiving the first dose of study medication; if the urine test is positive or cannot be confirmed as negative, a serum pregnancy test will be required * Female subjects of childbearing potential should be willing to use 2 methods of birth control or be surgically sterile, or abstain from heterosexual activity for the course of the study through 120 days after the last dose of study medication; subjects of childbearing potential are those who have not been surgically sterilized or have not been free from menses for \> 1 year * Male subjects should agree to abstinence or use of an adequate method of contraception starting with the first dose of study therapy through 120 days after the last dose of study therapy Exclusion Criteria: * Is currently participating and receiving study therapy or has participated in a study of an investigational agent and received study therapy or used an investigational device within 4 weeks of the first dose of treatment * Has a diagnosis of immunodeficiency that requires receiving systemic steroid therapy or any other form of immunosuppressive therapy within 7 days prior to the first dose of trial treatment or has resulted in life threatening episodes previously regardless of current treatment * Has a known history of active TB (Bacillus tuberculosis) * Hypersensitivity to pembrolizumab or any of its excipients * Has had a prior anti-cancer monoclonal antibody (mAb) within 4 weeks prior to study day 1 or who has not recovered (i.e., =\< grade 1 or at baseline) from adverse events due to agents administered more than 4 weeks earlier * Has had prior chemotherapy, targeted small molecule therapy, or radiation therapy within 2 weeks prior to study day 1 or who has not recovered (i.e., =\< grade 1 or at baseline) from adverse events due to a previously administered agent * Note: Subjects with =\< grade 2 neuropathy are an exception to this criterion and may qualify for the study * Note: If subject received major surgery, they must have recovered adequately from the toxicity and/or complications from the intervention prior to starting therapy * Has a known additional malignancy that is progressing or requires active treatment; exceptions include basal cell carcinoma of the skin or squamous cell carcinoma of the skin that has undergone potentially curative therapy or in situ cervical cancer, or malignancies that have been inactive for three years or exceptionally indolent; any current diagnosis of second malignancy requires approval from principal investigator and sponsor * Has known active central nervous system (CNS) metastases and/or carcinomatous meningitis; subjects with previously treated brain metastases may participate provided they are stable (without evidence of progression by imaging for at least four weeks prior to the first dose of trial treatment and any neurologic symptoms have returned to baseline), have no evidence of new or enlarging brain metastases, and are not using steroids for at least 30 days prior to trial treatment; patients who had oligometastatic disease treated with stereotactic radiation or gamma knife therapy may receive treatment 14 days after therapy as long as they are not requiring steroids; this exception does not include carcinomatous meningitis which is excluded regardless of clinical stability * Has active autoimmune disease that has required systemic treatment in the past 2 years (i.e. with use of disease modifying agents, corticosteroids or immunosuppressive drugs); replacement therapy (e.g., thyroxine, insulin, or physiologic corticosteroid replacement therapy for adrenal or pituitary insufficiency, etc.) is not considered a form of systemic treatment * Has known history of, or any evidence of active, non-infectious pneumonitis * Has an active infection requiring systemic therapy * Has a history or current evidence of any condition, therapy, or laboratory abnormality that might confound the results of the trial, interfere with the subject?s participation for the full duration of the trial, or is not in the best interest of the subject to participate, in the opinion of the treating investigator * Has known psychiatric or substance abuse disorders that would interfere with cooperation with the requirements of the trial * Is pregnant or breastfeeding, or expecting to conceive or father children within the projected duration of the trial, starting with the pre-screening or screening visit through 120 days after the last dose of trial treatment * Has received prior therapy with an anti-PD-1, anti-PD-L1, or anti-PD-L2 agent * Has a known history of human immunodeficiency virus (HIV) (HIV 1/2 antibodies) * Has received a live vaccine within 30 days of planned start of study therapy * Note: Seasonal influenza vaccines for injection are generally inactivated flu vaccines and are allowed; however intranasal influenza vaccines (e.g., Flu-Mist) are live attenuated vaccines, and are not allowed * Tumors harboring non-hotspot POLE or POLD1 mutations that show clear evidence of microsatellite instability (MSI) will be excluded * Has known active hepatitis B (e.g., hepatitis B surface antigen \[HBsAg\] reactive) or hepatitis C (e.g., hepatitis C virus \[HCV\] ribonucleic acid \[RNA\] \[qualitative\] is detected)",21,2018-03-08,2027-09-21,"Rutgers, The State University of New Jersey","** This clinical trial is testing the effectiveness of an immunotherapy medication called pembrolizumab in treating people with certain types of advanced cancer. The goal is to see if this medication can help slow or stop the growth of tumors, even when they have spread to other parts of the body. The trial is particularly focused on people whose cancers have a specific type of genetic instability.

**","**
- You must be diagnosed with a tumor that has shown signs of genomic instability through genetic testing.
- Your cancer must be advanced (spread to other parts of the body, come back after treatment, or spread to nearby tissues) and measurable.
- You must have certain lab values within normal ranges before starting treatment, such as a high enough white blood cell count and not too low hemoglobin levels."
NCT04246502,Capecitabine Plus Pyrotinib Versus Capecitabine Plus Trastuzumab and Pertuzumab in the First-line Treatment of HER2-positive Metastatic Breast Cancer,UNKNOWN,PHASE2,Metastatic Breast Cancer,"This is a randomized, multicenter phase 2 clinical trial to evaluate the efficacy and safety of capecitabine plus pyrotinib versus capecitabine plus trastuzumab plus pertuzumab in patients who have HER2 positive metastatic breast cancer and have not received systemic anticancer therapy for advanced disease.","Inclusion Criteria: * HER2 positive recurrent or metastasis breast cancer. * Patients with measurable disease are eligible. * Eastern Cooperative Oncology Group(ECOG) performance status 0 or 1. * Adequate organ function. * Signed, written inform consent obtained prior to any study procedure. Exclusion Criteria: * History of anti-cancer therapy for MBC（with the exception of one prior hormonal regimen for MBC）. * History of HER tyrosine kinase inhibitors or monoclonal antibody for breast cancer in any treatment setting，except trastuzumab used in the neo-adjuvant or adjuvant setting. * Assessed by the investigator to be unable receive systemic chemotherapy. * History of other malignancy within the last 5 years，except for carcinoma in situ of cervix，basal cell carcinoma or squamous cell carcinoma of the skin that has been previously treated with curative intent. * Pregnant or lactating women，or for women of childbearing potential unwilling to use a highly-effective contraception during of the study treatment and for at least 7 months after the last dose of study treatment.",200,2020-01,2024-12,Shandong Cancer Hospital and Institute,This clinical trial is comparing two different treatments for HER2-positive breast cancer that has spread to other parts of the body. The researchers want to see which combination of medications - capecitabine plus pyrotinib or capecitabine plus trastuzumab and pertuzumab - works better at controlling the disease. This could help doctors make informed decisions about how to treat patients with this type of cancer.,"- You have HER2-positive breast cancer that has spread to other parts of your body.
- Your cancer is measurable, meaning it can be tracked and measured over time.
- You are able to receive chemotherapy and other treatments.
- You must not be pregnant or breastfeeding.
- You cannot have a history of certain types of treatments for this type of cancer."
NCT01091545,Malmö Breast Tomosynthesis Screening Trial,COMPLETED,NA,Breast Cancer,To compare digital breast tomosynthesis (DBT) with full field digital mammography (FFDM) regarding effectiveness as screening modalities.,"Inclusion Criteria: * women 40-74 years old * in the regular population based mammographic screening program in Malmö, Sweden. Exclusion Criteria: pregnancy and women not speaking English or Swedish \-",15000,2010-02-01,2019-09-30,Region Skane,"This clinical trial compared two different types of mammography machines to see which one is better at detecting breast cancer. The study tested digital breast tomosynthesis (DBT) against full field digital mammography (FFDM), and was done in a real-world setting where regular screenings are already taking place.","- Women between 40 and 74 years old were eligible to participate.
- They had to be part of the regular mammographic screening program in Malmö, Sweden.
- Women who were pregnant at the time of screening were not allowed to take part.
- Only women who spoke English or Swedish could participate."
NCT05749575,"Chidamide Plus PD-1 Plus Paclitaxel of Neoadjuvant Treatment in Low HR Expression,HER2-negative Early Breast Cancer.",UNKNOWN,PHASE2,Breast Cancer,"Triple-negative breast cancer has always been a difficult problem in clinical practice because of its young onset age, high aggressiveness, no clear therapeutic target and poor clinical prognosis. The treatment of triple-negative breast cancer is mainly chemotherapy, and in order to break the current dilemma, new treatments must be introduced. Immunotherapy is one of the most high-profile treatments. The KEYNOTE-522 study and Impassion 031 Study have found that immunotherapy can significantly improve the pCR of patients with triple yin breast cancer, rate, independent of PD-L1 expression status, and good safety.Cedardenamine is a histone deacetylation (HDAC) inhibitor developed in China.Many studies suggest that the use of sidabamine will likely enhance the efficacy of PD-1 / PD-L1 mAb in breast cancer and expand the use of PD-1 / PD-L1 mAb in the beneficiary population of breast cancer","Inclusion Criteria: 1.18-75 years old. 2.ECOG whole-body status (performance status , PS) grade 0 to 1. 3.ER and PR IHC showed \<10% staining and HER2 negative. 4.The patients who receive at least 2 neoadjuvant sessions with anthracycline are assessed to SD (4 anthracycline-containing sessions) or PD with breast MRI, CT or ultrasound according to the RECIST standard. 5.The patients refuse prior surgical treatment (the patient requires breast preservation, but it cannot be performed by surgical consultation), or it is not suitable for prior surgical treatment. 6.The main organ function is normal, that is, to meet the following criteria: 1. the criteria for blood routine examination: 1. ANC≥1.5×109/L； 2. PLT≥100×109/L； 3. Hb≥90g/L； 2. the criteria for biochemical examination: 1. TBIL\<1.5×ULN； 2. ALT and AST\<2.5×ULN； 3. BUN and Cr ≤ 1.5 × ULN or endogenous creatinine clearance rate ≥ 50ml/min (Cockcroft-Gault formula). 7.No malabsorption or other gastrointestinal disorders that affect drug absorption 8.Serum pregnancy tests for women of childbearing age must be negative within 7 days before treatment; all enrolled patients (whether male or female) should have adequate barrier contraception throughout the treatment period and within 4 weeks of treatment. 9.The subjects volunteer to join the study and sign informed consent, with good compliance and cooperated with follow-up. Exclusion Criteria: 1. Previous use of investigational drugs such as PD-1 or PD-L1 mAb; sidabamine or other HDAC inhibitors, and taxane-based chemotherapies (including paclitaxel or docetaxel). 2. Distant metastases, but enrollment could be considered if the distant metastatic lesion is confined to the ipsilateral cervical lymph exclusion criteria node only. 3. Unstable systemic disease (including active infection, poorly controlled hypertension, unstable angina pectoris, congestive heart failure, hepatic, renal, or metabolic disease, etc). 4. Any other malignancy within five years (except completely cured cervical carcinoma in situ or basal or squamous epithelial skin carcinoma). 5. For known human immunodeficiency virus (HIV) infection, hepatitis B virus carriers must be treated for anti-hepatitis B virus replication during antitumor therapy. 6. Prior history of clear neurological or psychiatric disorders, including epilepsy or dementia. 7. Pregnant or lactating women. 8. Any unstable or potentially jeopardizing patient safety and its compliance to the study. 9. Other situations that investigators think it is unsuitable for enrollment.",28,2023-02,2024-08,Sun Yat-sen University,"This clinical trial is testing a new treatment combination for triple-negative breast cancer (a type of aggressive and hard-to-treat breast cancer). The researchers are combining three different medications - chidamide, PD-1 inhibitor, and paclitaxel - to see if they can improve outcomes for patients with this disease. This trial matters because it could lead to a more effective treatment option for people with triple-negative breast cancer.","- You must be between 18 and 75 years old.
- Your body's overall health must be good, as measured by an Eastern Cooperative Oncology Group (ECOG) score of 0 or 1.
- You have been diagnosed with triple-negative breast cancer that has not spread to distant parts of your body."
NCT06607601,CARE Initiative: Real-world Emulation of the PALOMA-2 Trial,COMPLETED,,Metastatic Breast Cancer,"The goal of this non-interventional study is to emulate the PALOMA-2 randomized controlled trial of palbociclib as first-line therapy in patients with estrogen receptor-positive (ER+)/human epidermal growth factor receptor 2-negative (HER2-) advanced breast cancer using real-world, electronic health record data. The main questions this study aims to answer are: 1. Do patients with metastatic ER+/HER2- breast cancer treated with palbociclib and letrozole have improved real-world progression-free survival (rwPFS) compared with patients treated with letrozole alone? 2. How do the results of this non-interventional study compare to those of the PALOMA-2 randomized controlled trial?","Inclusion Criteria: * Breast cancer diagnosis * Histology not indicative of non-adenocarcinoma histologies * Metastatic disease * Estrogen-receptor positive (ER+) * No prior systemic treatment for metastatic breast cancer * Post-menopausal * Eastern Cooperative Oncology Group (ECOG) performance status of 0 - 2 or missing or Karnofsky performance status \&gt;=50 or missing * No lab results indicating inadequate organ function, as defined in the PALOMA-2 RCT protocol Exclusion Criteria: * Human epidermal growth factor receptor 2 (HER2) positive tumor * Diagnosis of brain, central nervous system, and/or spinal cord metastases * Neoadjuvant or adjuvant treatment with anastrozole or letrozole ≤12 months before metastatic diagnosis * Prior treatment with treatment with ribociclib, abemaciclib, or palbociclib * Treatment with a CYP3A4 inhibitor or inducer or drugs known to prolong the QT interval, as specified in the PALOMA-2 trial protocol, in the 7 days prior to study treatment initiation * Anti-cancer therapy or major cancer-related surgery within 2 weeks before study treatment initiation * Diagnosis of a second primary malignancy within 3 years prior to study treatment initiation * Diagnosis of long or short QT syndrome, Brugada syndrome, QTc prolongation, or Torsade de Pointes * Diagnosis of hypocalcemia, hypokalemia, or hypomagnesemia * Diagnosis of myocardial infarction, angina, ongoing cardiac dysrhythmias, atrial fibrillation, congestive heart failure, cerebral infarction, transient ischemic attack, or pulmonary embolism in the 6 months prior to study treatment initiation * Diagnosis of inflammatory bowel disease chronic diarrhea, or short bowel syndrome * Diagnosis of human immunodeficiency virus infection",724,2010-02-01,2023-07-20,"Aetion, Inc.","This clinical trial is looking at how well a specific medication (palbociclib) works for people with metastatic breast cancer in the real world. The trial is comparing outcomes for patients taking this medication to those who are not, and checking if these results match what was found in a previous study.","- You must have been diagnosed with metastatic breast cancer.
- Your tumor must be estrogen receptor-positive (ER+) and HER2-negative.
- You cannot have taken any treatments for your metastatic cancer before this trial."
NCT04674501,Radiotherapy for Thoracic and Breast Cancer and the Related Cardiotoxicity Following Treatment (RACCOON),UNKNOWN,,Patients Who Receive Thoracic Irradiation,"The purpose of this study is to investigate the risk factors and mechanisms of cardiotoxicity following thoracic radiotherapy and to provide insights in preventing radiation-related cardiotoxicity. -Condition or disease : Thoracic irradiation -Intervention/treatment : Cardiac evaluation, Blood sampling",Inclusion Criteria: 1. Patients with solid cancer who are subject to thoracic irradiation. 2. Patients who are 20 years old or older 3. Eastern Cooperative Oncology Group Performance Status Scale 0-2 4. Patients with cognitive abilities to receive virtual reality information Exclusion Criteria: 1. Patients with a history of previous thoracic irradiation 2. Patients who refused consent 3. Patients with a history of heart failure before radiotherapy,200,2020-12-22,2022-12,Yonsei University,"This clinical trial is investigating why some people develop heart problems after getting radiation therapy to treat cancer in their chest or breast area. The goal is to understand the risks and identify ways to prevent these heart problems from happening. By studying patients who have received radiation therapy, researchers hope to learn more about how to protect the heart during cancer treatment.","- You must be at least 20 years old and have a solid type of cancer that requires chest or breast area radiation.
- Your overall health should be good enough for you to participate in a clinical trial (score 0-2 on the Eastern Cooperative Oncology Group Performance Status Scale).
- You must not have received radiation therapy to the same area before, and you must be able to give informed consent."
NCT01492101,The BEACON Study (Breast Cancer Outcomes With NKTR-102),COMPLETED,PHASE3,"Locally Recurrent Breast Cancer, Metastatic Breast Cancer","The study is designed as an open-label, randomized, parallel, two arm, multicenter, international Phase 3 study in patients with recurrent or metastatic breast cancer previously treated with cytotoxic chemotherapy regimens. The primary study objective is to compare overall survival of patients who receive NKTR-102 given once every 21 days to patients who receive treatment of Physician's Choice selected from a list of seven single-agent intravenous therapies.","Inclusion Criteria (major highlights): * Patient is an adult female with histologically or cytologically confirmed carcinoma of the breast for whom single-agent cytotoxic chemotherapy is indicated * Patient can have either measurable or non-measurable disease by RECIST. * Patient has received prior therapy (administered in the neoadjuvant, adjuvant and/or metastatic setting) with an anthracycline, a taxane and capecitabine * Patient has minimum of 2 and a maximum of 5 prior cytotoxic chemotherapy regimens with the last dose administered within 6 months. A minimum of two chemotherapy regimens had to be for locally recurrent and/or metastatic disease. All therapy received prior to a diagnosis of metastatic disease (eg, neoadjuvant, adjuvant or repeated adjuvant therapy following a second resection) is counted as one regimen. * Patient has Eastern Cooperative Oncology Group (ECOG) performance status of 0 or 1. * Adequate hematopoietic, liver and kidney functions. Exclusion Criteria (major highlights): * Patient with chemotherapy within 21 days, radiotherapy within 14 days, biological therapy with 14 days, hormonal therapy within 7 days and investigational therapy within 21 days prior to randomization. * Patient with any major surgery within 28 days prior to randomization. * Patient with concurrent use of biologic agents for the treatment of cancer including antibodies or any investigational agent(s). * Patient with prior treatment for cancer with a camptothecin derivative. * Patient with chronic or acute GI disorders resulting in diarrhea of any severity grade; patients who are using chronic anti-diarrheal supportive care to control diarrhea in the 28 days prior to randomization. * Patient received pharmacotherapy for hepatitis B or C, tuberculosis or HIV. * Patient with known cirrhosis diagnosed with Child-PUGH Class A or higher liver disease. * Patient with prior malignancy (other than breast cancer) except for non-melanoma skin cancer and carcinoma in situ (of the cervix or bladder), unless diagnosed and definitively treated more than 5 years prior to randomization. * Patient requiring daily use of oxygen supplementation in the 28 days prior to randomization. * Patients with significant cardiovascular impairment.",852,2011-12,2016-06,Nektar Therapeutics,"** The BEACON Study is testing whether a new chemotherapy treatment called NKTR-102 can help people with advanced breast cancer live longer than those who receive other standard treatments. This study aims to compare the overall survival of patients who receive NKTR-102 versus those who receive a different standard treatment chosen by their doctor.

**","**
- You must be an adult female with confirmed breast cancer that has come back or spread.
- Your cancer should have been treated with at least two prior chemotherapy regimens within the last 6 months, and you may have had other treatments like surgery or hormone therapy.
- You should be in good overall health, as measured by your ability to perform daily activities and your physical function."
NCT01483001,Feasibility Study on Stem Cells Sensitivity Assay,COMPLETED,PHASE2,"Lung Cancer, Colorectal Cancer, Breast Cancer","Lung Cancer (LC), colorectal cancer (CRC) and breast cancer (BC) are the major killers in oncology, accounting for about 40% of cancer deaths. Although progresses have been made in the last few years, unfortunately no patient with metastatic disease can obtain a definitive cure. A recent hypothesis is that cancer is driven by a small subpopulation of cells called ""cancer stem cells"" (CSCs) or ""tumor initiating cells"" with an unlimited proliferative potential and the ability to reproduce the original human tumor in experimental animal models. These cells are thought to be responsible for the development of the tumor and represent the only cell population able to sustain tumor growth and progression. Therefore, CSCs represent the elective target for new targeted therapies, endowed with high and selective toxicity towards the tumor but harmless towards normal cells. Current technologies allow us to isolate and expand in vitro the CSCs from tumor specimens, testing their sensitivity to different anticancer drugs in a short period of time. Therefore, there is the potential opportunity to identify LC, CRC and BC CSCs.This is a prospective study assessing feasibility of CSCS isolation in LC, CRC and BC. Patients with a previously performed diagnosis of LC, colon cancer or breast cancer with no further standard therapy options, with a Karnofsky performance status of 100% and with tumor tissue available will be considered eligible for the study. Tumor tissue will be collected before study entry, i.e tissue obtained during a diagnostic or therapeutical procedure, like surgery or biopsies with other purposes than the protocol. In vitro tumor sensitivity to chemotherapy drugs will be tested on tumor cell cultures per each patient. Drugs and their combination will be considered effective and if they kill ≥ 60% of tumor stem cells in vitro test. By using cancer spheres the investigators will also generate orthotopic xenograft models that recapitulate the parental tumor behaviour, including the aggressive features and the invasiveness potential. Orthotopic injection technique will be assessed in 5 weeks-old NOD/SCID mice","Inclusion Criteria: * Histologically/cytologically confirmed diagnosis of metastatic LC, CRC or BC * Availability of tumor tissue suitable for CSCs extraction * Performance status of 100% according to Karnofsky score * Failure of conventional therapies or no therapy of proven efficacy * Adequate hematological, renal and liver functions * No concomitant comorbidity potentially interfering with the study * Informed consent form signature. Exclusion Criteria: * Performance status \<100% according to Karnofsky score * Patient suitable for standard therapies * Important comorbidity interfering with the study * Significant alteration of liver, hematological or renal function(s) * No informed consent form signature",23,2011-11,2013-12,Associazione Oncologia Traslazionale,"This clinical trial is testing whether it's possible to identify and target ""cancer stem cells"", a small group of cells thought to be responsible for cancer growth and progression. By studying these cells in patients with lung, colorectal, or breast cancer, researchers hope to find new ways to treat these diseases. If successful, this could lead to more effective treatments that spare healthy cells.","- You must have a confirmed diagnosis of metastatic (spread) lung, colorectal, or breast cancer.
- Your tumor tissue must be available for use in the study.
- You must have no other treatment options left and your performance status must be 100% (meaning you're able to function normally).
- You must pass basic tests to ensure your kidneys, liver, and blood cells are healthy."
NCT02030561,NK Cell Infusions With Trastuzumab for Patients With HER2+ Breast and Gastric Cancer,UNKNOWN,"PHASE1, PHASE2","Breast Cancer, Gastric Cancer",This study will determine the safety and efficacy of expanded activated autologous NK cells administered after Trastuzumab in patients with HER2-positive breast or gastric cancer. It will also provide valuable insights of the role of NK cell infusions in adult solid tumors.,"Inclusion Criteria: 1. Age 18-65 2. Histologically confirmed diagnosis of HER2-positive breast or gastric cancer (defined as IHC 3+ or HER2 FISH amplification ratio \>2.2) 3. Metastatic disease 4. Presence of measurable tumour by RECIST 1.1 criteria 5. Must have failed at least two lines of trastuzumab-containing systemic therapy (documented relapse while receiving adjuvant or neoadjuvant trastuzumab for HER2 positive breast cancer is eligible) 6. At least two weeks since receipt of any biological therapy, chemotherapy, and/or radiation therapy 7. Left ventricular ejection fraction ≥50% 8. Adequate organ function ANC ≥ 1500/µL Platelet count ≥ 100,000/µL Creatinine clearance ≥60ml/minute Total bilirubin ≤ 1.5 x upper limit normal (ULN) AST ≤ 2 x upper limit normal ALT ≤ 2 x upper limit normal 9. ECOG performance status of 0-1 10. Life expectancy of at least 60 days 11. Negative serum or urine pregnancy test result within 14 days prior to enrolment for women who are of childbearing potential 12. Ability to provide informed consent. Otherwise, a legally authorized representative (LAR) must be present throughout the consent process and is allowed to give consent on the patient's behalf. 13. Patients with reproductive potential must agree to use an approved contraceptive method 14. Ability to comply with study procedures Exclusion Criteria: 1. Treatment within the last 30 days with any investigational drug 2. Concurrent administration of any other tumor therapy, including cytotoxic chemotherapy, hormonal therapy, and immunotherapy 3. Major surgery within 28 days of study drug administration 4. Active infection that in the opinion of the investigator would compromise the patient's ability to tolerate therapy 5. Lactating or pregnant. 6. Serious concomitant disorders that would compromise the safety of the patient or compromise the patient's ability to complete the study, at the discretion of the investigator; serious cardiac illness or medical conditions including but not limited to: * Patients with dyspnea at rest. * History of documented congestive heart failure * High risk uncontrolled arrhythmias * Angina pectoris requiring a medicinal product * Clinically significant valvular disease * Evidence of transmural infarction on ECG * Poorly controlled hypertension 7. Second primary malignancy that is clinically detectable at the time of consideration for study enrolment 8. Symptomatic brain metastases 9. Receipt of steroids during time period of 3 days prior to expanded NK cell infusion to 30 days after infusion (i.e. day -3 to day +30).",29,2014-01,2018-08,"National University Hospital, Singapore",This clinical trial is testing whether infusing special immune cells called NK cells after treatment with the drug Trastuzumab can help fight breast and stomach cancers that are HER2-positive. This study aims to see if this approach can be safe and effective for patients who have already tried other treatments without success.,"- You must be between 18 and 65 years old.
- Your cancer is HER2-positive, which means it has a specific protein on the surface of its cells that Trastuzumab targets.
- You've had at least two previous treatments with Trastuzumab that didn't work."
NCT04190342,Effects of a Traditional Chinese Exercise Program on Symptom Cluster in Breast Cancer Patients,COMPLETED,NA,"Breast Neoplasm Female, Symptom Cluster, Tai ji",The Medical Research Council Framework for Developing and Evaluating Complex Interventions (MRC Framework) will be utilized to develop and evaluate an evidence-based tai chi intervention for managing the symptom cluster of fatigue-sleep disturbance-depression in breast cancer patients.,"Inclusion Criteria: 1. Female, aged 18 years old or above; 2. a confirmed diagnosis of non-metastatic stage I, II, or IIIa BC; 3. have experienced at least a moderate level of tiredness, sleep disturbance, and depressive mood, with a score of greater than 3 on a 10-point numeric rating scale, from ""0 (no symptom)"" to ""10 (worst symptom)"" for each symptom in the previous one month; 4. have recently commenced adjuvant chemotherapy; and 5. able to follow instructions in Mandarin, interested in participating in the study, and willing to sign an informed consent. Exclusion Criteria: 1. Currently using psychostimulants, antidepressant medications, or hypnotics medications; 2. extremely weak or have mental illness and/or intellectual disability; 3. have been involved in other exercise programs \> 30 minutes, three times weekly, for past 3 months; 4. have practised tai chi for the past six months; and 5. have scheduled elective surgery during the study period.",72,2020-05-04,2021-04-06,Charles Darwin University,"This clinical trial is testing whether a traditional Chinese exercise program called tai chi can help manage symptoms such as fatigue, sleep problems, and depression in breast cancer patients. The researchers want to see if this type of exercise can improve the quality of life for these patients.","- You must be a female with stage I, II, or IIIa breast cancer who has started chemotherapy.
- You need to have symptoms such as fatigue, sleep problems, and depression that are affecting your daily life.
- You should be able to speak Mandarin and follow instructions.
- You cannot currently be taking certain medications like antidepressants or hypnotics."
NCT00456846,First Line Therapy for Patients With Metastatic Breast Cancer,TERMINATED,PHASE2,Metastatic Breast Cancer,The purpose of this study is to determine the toxicity and anti-tumor activity of nab-paclitaxel 100mg/m\^2 administered weekly in a 4-week cycle as first line therapy to patients with metastatic breast cancer who received taxanes as part of their adjuvant therapy and patients who did not receive taxanes as part of their adjuvant therapy.,"Inclusion Criteria: * Females with pathologically confirmed adenocarcinoma of the breast. * No prior chemotherapy for metastatic breast cancer * At least 12 months between completion of adjuvant chemotherapy and the diagnosis of metastatic disease * Stage IV disease * Measurable disease (must be equal or greater to 2.0 cm using conventional Computed Tomography (CT) or equal or greater to 1.0 cm using spiral CT except for pulmonary lesions that are well documented on conventional CT scan which must be equal or greater than 1.0 cm) * At least 4 weeks since radiotherapy, with full recovery. The measurable disease must be completely outside the radiation portal or there must be radiologic or clinical exam proof of progressive disease within the radiation portal * At least 4 weeks since major surgery, with full recovery * Eastern Cooperative Oncology Group (ECOG) performance status 0-2 * Age equal or greater to 18 * Patients has the following blood counts at Baseline: * Absolute Neutrophil Count (ANC) equal or greater to 1.5 x 10\^9 cells/L * Platelets equal or greater to 100 x 10\^9 cells/L * Hemoglobin (Hgb) equal or greater to 90 grams/L * Patients has the following blood chemistry levels at Baseline: * Aspartate aminotransferase (AST) Serum glutamic-oxaloacetic transaminase (SGOT), alanine aminotransferase (ALT) serum glutamic:pyruvic transaminase (SGPT)less than or equal to 2.5x upper limit of normal range (ULN); * total bilirubin normal (unless bilirubin elevation is due to Gilbert's (Disease); * alkaline phosphatase less than or equal 2.5x ULN (unless bone metastasis is present in the absence of liver metastasis); * Creatinine less than or equal to 1.5mg/dL * Current sensory neuropathy Grade 0 or 1 by Breast Cancer Index (BCI) Common Toxicity Criteria Adverse Events (CTCAE) * If female of childbearing potential, pregnancy test is negative (within 72 hours of the first dose of study drug). * If fertile, the patient agrees to use an effective method of contraception to avoid pregnancy for the duration of the study * Patient is able to supply unstained slides or 1 tumor block of her primary breast tumor or a biopsy of a current site of metastasis for Secreted protein acidic and rich in cysteine (SPARC) analysis * Informed consent has been obtained Exclusion Criteria: * Concurrent immunotherapy or hormonal therapy (other than Herceptin) for breast cancer * Parenchymal brain metastases, unless documented to be clinically and radiographically stable for at least 6 months after treatment * Serious intercurrent medical or psychiatric illness, including serious active infection * History of class II-IV congestive heart failure * History of other malignancy within the last 5 years which could affect the diagnoses or assessment of breast cancer, with the exception of basal or squamous cell carcinoma of the skin or carcinoma in situ of the cervix * Patients who have received an investigational drug within the previous 3 weeks * Patient is currently enrolled in a different clinical study in which investigational procedures are performed or investigational therapies are administered. Also a patient may not enroll in such clinical trials while participating in this study. * Pregnant or nursing women * Patients with prior hypersensitivity to Taxol or Taxotere",123,2008-02-01,2013-05-31,Celgene,This clinical trial is testing whether a new combination of treatments (nab-paclitaxel) can be an effective first treatment for women with metastatic breast cancer who have already received other types of chemotherapy. The goal is to see if this treatment can shrink tumors and improve quality of life without too many side effects.,"- You must be a woman with stage IV (metastatic) breast cancer that has not been treated with chemotherapy for this condition before.
- Your cancer must have spread to other parts of the body, but you must still have measurable tumors that can be tracked during the study.
- You cannot be currently taking hormonal therapy or immunotherapy for breast cancer, and your brain metastases (if present) must be stable."
NCT04890327,Web-based Family History Tool,COMPLETED,NA,"Gynecologic Cancer, Breast Cancer, BRCA1 Mutation, BRCA2 Mutation","The purpose of this pilot study is to determine if a web-based tool that collects family health history is useful for patients being seen in a gynecologic oncology office setting. This research study is being done because collecting a comprehensive family health history is critical as it allows physicians to appropriately refer patients for genetic counseling and genetic testing. However, prior research indicates that the family health history collected in clinical settings is often inadequate to truly assess the risk of genetic disease. Therefore we plan to explore a web-based program that guides patients through the collection of their family health history and uses this information to create clear concise pedigrees (family tree information) and risk assessment models that can be used by a physician during the office visit.","Inclusion Criteria: Female \> 18 years of age. Scheduled for new patient visit with one of the gynecologic oncologists at Weill Cornell Medicine (Melissa Frey MD, Kevin Holcomb MD, Evelyn Cantillo MD, Eloise Chapman MD). Exclusion Criteria: Subjects who cannot communicate in English as the FHH collection tool and surveys are available only in English. Subjects who were adopted and have no information about their family health history. Subjects who do not present for the new patient visit.",250,2019-09-09,2022-12-31,Weill Medical College of Cornell University,"This clinical trial is testing whether an online tool can help patients and doctors collect accurate family health history information. The goal is to create a clear picture of a patient's risk for certain cancers, like breast or gynecologic cancer, which can help doctors make better decisions about care.","- You must be a female over 18 years old.
- You need to be scheduled for a new patient visit with one of the listed gynecologic oncologists at Weill Cornell Medicine.
- You should be able to communicate in English because the tool and surveys are only available in that language.
- If you were adopted or don't know your family history, you may not be eligible."
NCT00089661,AMG 162 in the Treatment of Bone Loss in Subjects Undergoing Aromatase Inhibitor Therapy for Non-metastatic Breast Cancer,COMPLETED,PHASE3,"Breast Cancer, Low Bone Mineral Density, Osteopenia",The purpose of this trial is to evaluate AMG 162 in the treatment of bone loss in subjects undergoing Aromatase Inhibitor Therapy for Non-metastatic Breast Cancer.,"* Histologically or cytologically confirmed adenocarcinoma of the breast * Subjects with early stage disease who are estrogen receptor positive and who have completed their treatment pathway (surgery, chemo-therapy, radiation, and/or hormone therapy) and are currently on or will initiate aromatase inhibitor therapy, and are expected to stay on aromatase inhibitor therapy for the duration of the 24-month study * All treatment pathway must be completed ≥ 4 weeks prior to study entry, and all acute toxic effect of any above therapy must be resolved to ≤ Grade 1 by National Cancer Institution (NCI) Common Terminology Criteria for Adverse Events (CTCAE) * Female \> 18 years of age * ECOG Performance status 0 and 1 * Lumbar spine, total hip or femoral neck BMD equivalent to a t-score classification of -1.0 to -2.5 * Subject is willing and able to provide signed consent before any study-specific procedure Other criteria also apply.",252,2004-10-01,2009-05-27,Amgen,"This clinical trial is testing the effectiveness of a new treatment (AMG 162) to prevent bone loss in women with early-stage breast cancer who are taking hormone therapy. These patients often experience bone density loss as a side effect of their treatment, which can increase their risk of fractures and osteoporosis. By evaluating this treatment, researchers hope to improve the health outcomes for these patients.","- You have been diagnosed with non-metastatic breast cancer (cancer that has not spread) and are taking hormone therapy.
- Your bone density is low, but not so low that it's considered osteoporosis.
- You must be at least 18 years old and able to give informed consent for the trial.
- All previous treatments for your breast cancer should have been completed at least 4 weeks before joining the study.
- You're expected to continue taking hormone therapy for the full 24 months of the trial."
NCT05938686,Home_Based Digital Mindful Dance Program for Breast Cancer Cases,UNKNOWN,NA,"Breast Cancer, Quality of Life","During COVID-19, telecare replaces face-to-face contact to maintain social distance and reduce the spread of the virus. The current epidemic is coming to the end. However, for breast cancer cases, no matter in the treatment or survival stage, they face physical and mental symptoms, such as ""social isolation"", which affects their quality of life. Studies have shown that mindfulness and dance can help breast cancer cases improve depression and quality of life, but most of them are conducted face-to-face. Online mindful/dance helped breast cancer cases without the limitations of the time, space, distance, and treatment status, but lacking enough evidence. The purpose of this study will to design a ""home based digital mindful dance program"" suitable for our breast cancer cases, and conduct clinical trial on its feasibility, mind and body awareness, and quality of life. Finally, through in-depth interviews, we will understand the subjective experience of breast cancer cases on the program. The research results are expected to provide an empirical reference for multi-care for breast cancer to our country and abroad.",Inclusion Criteria: * breast cancer with any stage and any treatment status Exclusion Criteria: * mental illness,104,2023-07-01,2024-12-30,National Yang Ming Chiao Tung University,"This clinical trial is testing the effectiveness of a digital mindful dance program for women with breast cancer. The goal is to improve their quality of life and reduce symptoms like social isolation, depression, and physical discomfort. The study aims to create an online program that can be easily accessed from home.","- You must have been diagnosed with breast cancer at any stage.
- There are no restrictions based on your treatment status (e.g., you're in the middle of treatment or finished).
- You cannot have a pre-existing mental illness."
NCT04296370,A Study of Fluzoparib±Apatinib Versus Chemotherapy Treatment of Physician's Choice in HER2-negative Metastatic Breast Cancer Patients With Germline BRCA Mutation,UNKNOWN,PHASE3,Treatment in HER2-negative Metastatic Breast Cancer Patients With Germline BRCA Mutation,"This is a multicenter, randomized, open-label, 3-arm Phase 3 study to evaluate the efficacy and safety of Fluzoparib alone or with Apatinib versus Physicians Choice Chemotherapy, as treatment, in patients with a Germline BRCA Mutation and HER2-negative Metastatic Breast Cancer. The study contains a Safety Lead-in Phase in which the safety and tolerability of Fluzoparib+Apatinib will be assessed prior to the Phase 3 portion of the study.","Inclusion Criteria: * （Saftey Lead-in + phase 3）Germline mutation in BRCA1 or BRCA2 that is predicted to be deleterious or suspected deleterious * （Saftey Lead-in + phase 3）human epidermal growth factor receptor type 2 (HER2)-negative metastatic breast cancer * （Saftey Lead-in + phase 3）had received ≤2 lines of chemotherapy for mBC * （Saftey Lead-in + phase 3）Prior therapy with an anthracycline and a taxane in either an adjuvant or metastatic setting. * ER/PR breast cancer positive patients must have received and progressed on at least one endocrine therapy (adjuvant or metastatic), or have disease that the treating physician believes to be inappropriate for endocrine therapy. * ECOG performance status 0-1. * Adequate bone marrow, kidney and liver function. Exclusion Criteria: * Prior treatment with a poly (ADP-ribose) polymerase (PARP) inhibitor or Apatinib * Prior malignancy unless curatively treated and disease-free for \> 5 years prior to study entry. Prior adequately treated non-melanoma skin cancer, in situ cancer of the cervix, DCIS or stage I grade 1 endometrial cancer allowed * Radiation or anti-hormonal therapy or other targeted anticancer therapy within 14 days before randomization * Known to be human immunodeficiency virus positive * Known active hepatitis C virus, or known active hepatitis B virus * Untreated and/or uncontrolled brain metastases * Pregnant or breast-feeding women",474,2020-07-13,2025-06-30,"Jiangsu HengRui Medicine Co., Ltd.",This clinical trial is testing whether a new combination of two drugs (Fluzoparib and Apatinib) can be more effective than traditional chemotherapy for treating breast cancer in people who have a specific genetic mutation. The trial aims to see if this combination improves survival rates and reduces side effects compared to standard treatment.,"- You must have a ""germline"" BRCA1 or BRCA2 mutation, which means you inherited the mutation from your parents.
- Your breast cancer must not be related to the HER2 protein, and it's advanced (metastatic) meaning it has spread to other parts of the body.
- You can only be in this trial if you've received two lines of chemotherapy or less for metastatic breast cancer."
NCT06331169,Anlotinib With Trastuzumab Deruxtecan for Previously Treated HER2-Low Advanced Breast Cancer,RECRUITING,PHASE1,Breast Cancer,"This study will evaluate the safety, tolerability and efficacy of anlotinib and trastuzumab deruxtecan in human epidermal growth factor receptor 2 (HER2)-low unresectable and/or metastatic breast cancer who had received ≤1 line of prior chemotherapy.","Inclusion Criteria: * 1\. Age 18 - 75 years; ECOG PS 0 or 1. 2. Pathologically documented breast cancer that: 1. Is unresectable or metastatic. 2. Has a history of low HER2 expression (IHC 1+\& IHC 2+/ISH- or 0\<IHC\<1+). 3. Is HR-positive or HR-negative. 4. Has progressed on, and would no longer benefit from, endocrine therapy. 5. Has been treated with ≥1 prior lines of chemotherapy/adjuvant in the recurrent or metastatic setting. 3\. At least 1 measurable lesion per Response Evaluation Criteria in Solid Tumors version 1.1（Previously treated lesions with radiotherapy or focal therapy and no progression cannot be included as target lesion for assessment）. 4\. Has protocol-defined adequate bone marrow, renal, hepatic and blood clotting functions. 5\. Male and female subjects of reproductive/childbearing potential must agree to use a highly effective form of contraception or avoid intercourse during and upon completion of the study and after the last dose for at least 6 months. Exclusion Criteria: 1. Has previously been treated with anti-angiogenic targeted small molecule therapy. 2. Prior treatment with antibody drug conjugate with a topoisomerase I inhibitor exatecan derivative. 3. Has a history of (noninfectious) ILD/pneumonitis that required steroids, has current ILD/pneumonitis, or where suspected ILD/pneumonitis cannot be ruled out by imaging at screening. 4. Has unresolved toxicities from previous anticancer therapy. 5. Has uncontrolled or significant cardiovascular disease. 6. Has any bleeding event, unhealed wounds, ulcerative or fractures. 7. Has arterial or venous thromboembolic events occurred within 6 months. 8. Has spinal cord compression or clinically active central nervous system metastases. 9. Has any other condition that per protocol or in the opinion of the investigator is inappropriate for the study.",42,2024-07-31,2027-06-30,Fudan University,"** This clinical trial is testing a new combination treatment for advanced breast cancer that doesn't have high levels of the HER2 protein. The treatment combines two existing medications, anlotinib and trastuzumab deruxtecan, to see if they can slow or stop the growth of tumors in patients who have already tried other treatments. This trial aims to evaluate how safe and effective this combination is for people with advanced breast cancer.

**","**

* You must be between 18 and 75 years old to participate.
* Your breast cancer must be advanced (spread beyond the initial tumor site) or unable to be surgically removed, and you must have a low level of HER2 protein in your tumors.
* You can't have any serious heart problems or conditions that affect blood clotting."
NCT07367269,"Effect of Mandala Coloring on Anxiety, Distress, and Comfort in Breast Cancer Patients Receiving Outpatient Chemotherapy",RECRUITING,NA,Breast Cancer,"Breast cancer patients receiving chemotherapy often experience psychological distress, anxiety, and discomfort during treatment. Non-drug supportive methods may help improve patients' well-being during chemotherapy. This study aims to evaluate whether mandala coloring during outpatient chemotherapy can reduce psychological distress and anxiety and improve comfort in breast cancer patients. Participants will be randomly assigned to either a mandala coloring group or a routine care group. Patients in the intervention group will color mandala patterns for 30 minutes during their chemotherapy session, while the control group will receive routine care only. Psychological distress, anxiety, and comfort levels will be measured before and after the chemotherapy session in both groups. The results of this study may provide evidence for a simple and low-cost supportive intervention to improve the psychological well-being of breast cancer patients during chemotherapy.",Inclusion Criteria: * Being 18 years of age or older * Having a diagnosis of breast cancer and receiving chemotherapy * Having no communication problems * Having no physical disability that would prevent mandala coloring * Being willing to participate in the study Exclusion Criteria: * not meeting inclusion criteria,60,2026-01-27,2027-01-20,Artvin Coruh University,"This clinical trial is testing whether coloring mandalas can help reduce anxiety and distress in breast cancer patients receiving chemotherapy. The researchers want to know if this simple activity can improve patients' comfort levels during treatment. If the results are positive, it could provide a low-cost way to support patients' mental well-being.","- You must be at least 18 years old.
- You have been diagnosed with breast cancer and are currently receiving chemotherapy.
- You do not have any physical disabilities that would make it hard for you to color mandalas.
- You are able to communicate effectively."
NCT01929941,"An Open-Label Study of a Novel JAK-inhibitor, INCB047986, Given in Patients With Advanced Malignancies",TERMINATED,PHASE1,"Solid Tumor, Hodgkin's Lymphoma, NHL (Non-Hodgkin Lymphoma), Pancreatic Cancer, Breast Cancer, UC (Ureter and Urethera), Advanced Cancer, Metastatic Cancer","This is an open-label study of INCB047986 given to two distinct groups of patients (Group 1 and Group 2) with advanced malignancies. The purpose of the study is to evaluate the safety, tolerability and pharmacokinetics of INCB047986 and to determine the maximum tolerated dose of INCB047986 in combination with gemcitabine and nab paclitaxel in a select group of patients with solid tumors. Each patient group will participate in a phase of the study which is divided into two parts. The patient groups will be enrolled in a sequential manner starting with Patient Group 1. Patient Group 1 Group 1 will be comprised of patients with advanced malignancies who will receive INCB047986 as monotherapy. Part 1: Dose Escalation Phase - This phase will evaluate the safety, tolerability and pharmacokinetics (PK) of INCB047986 when given as described to patients with advanced malignancies. A goal of Part 1 will be to identify the maximally tolerated dose (MTD) of INCB047986 and/or other dose(s) that are tolerated doses and produce a substantial pharmacologic effect. These doses will be used in Part 2 of the study. Part 2: Expansion Phase - This phase will further explore the safety, tolerability, PK, and preliminary clinical activity of INCB047986 using the doses identified in Part 1. Group 2 Group 2 will be in subjects with advanced or metastatic pancreatic cancer, breast cancer or urothelial cancer. Part 1: Dose Optimization Phase - This phase will identify the MTD of INCB047986 in combination with gemcitabine and nab-paclitaxel in patients with advanced or metastatic solid tumors. Specifically, these will be patients with pancreatic adenocarcinoma (first or second line), triple-negative breast cancer (second line) or urothelial cancer (second line). Part 2: Expansion Phase - This phase will explore the safety, tolerability, PK, biomarkers, and preliminary clinical activity of the dose regimen(s) identified in Part 1. Patients enrolled in this phase will be limited to those with advanced or metastatic pancreatic cancer.","Inclusion Criteria: Group 1 * Aged 18 years or older, with histologically or cytologically confirmed solid tumor, Hodgkin's lymphoma, aggressive or indolent non-Hodgkin's lymphoma. (NOTE: Patients with acute and chronic leukemia, Burkitt's lymphoma, precursor B lymphoblastic leukemia/lymphoma, and myeloma are excluded) * Life expectancy of 12 weeks or longer. * Subject must have received ≥ 1 prior treatment regimen. * The subject must not be a candidate for potentially curative therapy, including transplant. Group 2 * Aged 18 years or older * Part 1 - Histologically or cytologically confirmed pancreatic adenocarcinoma (first or second line), triple-negative breast cancer (second line), or urothelial cancer (second line) * Part 2 - Histologically or cytologically confirmed pancreatic adenocarcinoma * No more than 1 prior chemotherapy regimen for advanced or metastatic disease (not including neoadjuvant and/or adjuvant therapy). * There is no restriction on the number of prior non-myelosuppressive targeted therapies or hormonal agents (e.g., epidermal growth factor receptor-targeted therapy for lung cancer and hormonal therapy for breast cancer or ovarian cancer); NOTE: Targeted and/or hormonal therapy alone will not be considered chemotherapy for the purposes of this study. Exclusion Criteria: Group 1 and 2 * Received an investigational study drug within 28 days or 5 half-lives (whichever is longer) prior to receiving their first dose of study drug. * Received any approved anticancer medications within 21 days or 5 half-lives (whichever is longer) prior to receiving the first dose of study drug (42 days for nitrosoureas) EXCEPT steroids at ≤ 10 mg prednisone daily (or equivalent). * Has any unresolved toxicity ≥ Grade 2 from previous anticancer therapy without medical monitor approval. o Subjects with ongoing chronic toxicities such as fatigue or neuropathy may be allowed after approval from the sponsor's medical monitor * Evidence of uncontrolled brain metastases or history of spinal cord compression, or primary central nervous system (CNS) tumors. * Has an Eastern Cooperative Oncology Group (ECOG) performance status of ≥ 2. * Received allogeneic hematopoietic stem cell transplant within the last 6 months, or has active graft versus host disease (GVHD) following allogeneic transplant, or is currently receiving immunosuppressive therapy following allogeneic transplant. * Received autologous hematopoietic stem cell transplant within the last 3 months. * Radiation treatment within the previous 4 weeks. * History of active hepatitis or positive serology for hepatitis B (unless due to vaccination) or C",5,2013-09,2014-08,Incyte Corporation,"This clinical trial is testing a new medication called INCB047986 to see how well it works and if it's safe for people with advanced cancers. The study wants to find the right dose of this medication that can help patients without causing too many side effects. Researchers are also looking at how this medication interacts with other treatments, like chemotherapy.","- You must be at least 18 years old and have a type of cancer that's spread or not responding to treatment.
- You've already tried at least one other treatment for your cancer before joining the study.
- Your cancer can't be treated with surgery or other treatments that might cure it."
NCT00003454,Antineoplaston Therapy in Treating Women With Stage IV Breast Cancer,TERMINATED,PHASE2,Stage IV Breast Cancer,RATIONALE: Antineoplastons are naturally-occurring substances that may also be made in the laboratory. Antineoplastons may inhibit the growth of cancer cells. PURPOSE: This phase II trial studies the effectiveness of antineoplaston therapy in treating women who have stage IV breast cancer that has not responded to previous therapy.,"DISEASE CHARACTERISTICS: * Histologically confirmed stage IV breast cancer that is unlikely to respond to existing therapy and for which no curative therapy exists * Must have failed prior standard therapy * Measurable disease by MRI or CT scan * Tumor must be at least 2 cm in the lymph nodes in the head, neck, axillary, inguinal, or femoral areas and at least 0.5 cm in other locations * Hormone receptor status: * Not specified PATIENT CHARACTERISTICS: Age: * 18 and over Sex: * Female Menopausal Status: * Not specified Performance status: * Karnofsky 60-100% Life expectancy: * At least 2 months Hematopoietic: * WBC at least 2,000/mm\^3 * Platelet count at least 50,000/mm\^3 Hepatic: * Bilirubin nor greater than 2.5 mg/dL * SGOT/SGPT no greater than 5 times upper limit of normal * No hepatic failure Renal: * Creatinine no greater than 2.5 mg/dL * No history of renal conditions that contraindicate high dosages of sodium Cardiovascular: * No chronic heart failure * No uncontrolled hypertension * No history of congestive heart failure * No history of other cardiovascular conditions that contraindicate high dosages of sodium Pulmonary: * No severe lung disease, such as chronic obstructive pulmonary disease Other: * Not pregnant or nursing * Fertile patients must use effective contraception during and for 4 weeks after study participation * No serious medical or psychiatric disorders * No active infections * No other serious concurrent disease PRIOR CONCURRENT THERAPY: Biologic therapy: * At least 4 weeks since prior immunotherapy, except in patients with disease progression during or after initial therapy * Recovery from prior immunotherapy * No concurrent immunomodulating agents Chemotherapy: * At least 4 weeks since prior chemotherapy (6 weeks for nitrosoureas), except in patients with disease progression during or after initial therapy * Recovery from prior chemotherapy * No concurrent antineoplastic agents Endocrine therapy: * At least 12 weeks since prior hormonal therapy, except in patients with disease progression during and after initial therapy * Concurrent corticosteroids allowed * Recovery from prior hormonal therapy Radiotherapy: * At least 8 weeks since prior radiotherapy and recovered (patients with multiple tumors who have received radiotherapy to some, but not all, tumors may be admitted earlier than 8 weeks) Surgery: * Recovered from any prior surgery Other: * No prior antineoplaston therapy * Prior cytodifferentiating agent allowed",19,1996-03-18,2002-12-28,Burzynski Research Institute,"**Summary:** This clinical trial was testing whether antineoplaston therapy can help women with stage IV breast cancer that hasn't responded to other treatments. Antineoplastons are naturally occurring substances that may be able to stop cancer cells from growing. Unfortunately, this trial was terminated, which means it didn't continue as planned.

**Eligibility:**

- The participant must have stage IV breast cancer that is unlikely to respond to standard treatments.
- She must have failed previous therapy and still have measurable disease (cancer that can be seen on a scan).
- The participant's cancer cannot be treated with other curative therapies, meaning it's no longer treatable with conventional methods.",
NCT00711529,Pilot Study Comparing Hypnotherapy and Gabapentin for Hot Flashes.,COMPLETED,PHASE3,"Breast Cancer, Hot Flashes","Premenopausal women with breast cancer who receive endocrine therapy (e.g. tamoxifen) and/or chemotherapy are at risk for experiencing premature menopause because of their treatment. The resulting symptoms, most notably hot flashes, can cause significant detriment to a patient's quality of life. Treatment for menopausal symptoms with the gold standard of hormone replacement therapy is not done routinely as it is unclear whether it can increase risk of tumor recurrence. In addition, many medical oncologists feel it is contraindicated in this population, especially among women whose breast cancers have estrogen receptors. This has lead to an increased interest in options other than estrogen replacement in the treatment of hot flashes, though most investigations of alternative medications have shown a suboptimal response. Recent studies have suggested that non-drug treatments using alternative or complementary therapies may be effective. Specifically, hypnosis has been promoted as a means to control hot flashes, though it has not been tested in a randomized fashion. In accordance with the National Cancer Institute's recent initiatives to expand the goals of clinical trials to include symptom management studies, our purpose is to evaluate the role of complementary and alternative therapies for improvement of symptoms in women with breast cancer. Specifically, we plan to evaluate the use of hypnotherapy for the treatment of therapy-induced hot flashes in breast cancer survivors. We intend to recruit 60 women into a pilot feasibility trial comparing hypnotherapy to the drug gabapentin (Neurontin®) for the treatment of therapy-induced hot flashes in eligible women who are receiving care at the Breast Health Center. We have chosen gabapentin based on recent studies showing it may be an effective non-estrogen treatment for this indication. We will identify patients who are experiencing at least one daily hot flash as a result of the treatment they received for their breast cancer for participation. When enrolled, they will be randomized into either the treatment arm, in which they will receive daily gabapentin, or the experimental arm, in which they will undergo weekly hypnotherapy. Our study hypothesis is that hypnotherapy will be more effective than gabapentin in the control of hot flashes in this population.","Inclusion criteria: * Women with histologic confirmation of a diagnosis of infiltrating carcinoma of the breast are eligible for participation. * Women with non-invasive or pre-invasive lesions of the breast, including but not limited to ductal carcinoma in situ (DCIS), atypical ductal hyperplasia (ADH) or lobular carcinoma in situ (LCIS) are eligible for participation. * Women with a known breast cancer susceptibility gene (eg, BRCA) mutation or strong family history of breast cancer are eligible. * Any woman age 60 years or more who cannot take estrogen therapy because of a real or perceived risk of developing breast cancer are eligible. * Women under the age of 60 with a Gail model score of 1.6% or more are eligible. * Subjective report of at least one daily hot flash. * Able to provide voluntary informed consent. * ≥ 18 years-old. There will be no upper limit for age inclusion. * Karnofsky performance status \> 70%. * Women with a history of breast cancer must have undergone treatment with curative intent. * ≥ 4 weeks from completion of chemotherapy or radiation therapy, where appropriate. * adequate hematopoietic function (ANC ≥ 1500/mm3; Platelets ≥ 100,000/mm3; Hemoglobin ≥ 8 g/dL) * adequate renal and hepatic function \[Bilirubin ≤ 1.5 times upper limit of normal (ULN), serum glutamic-oxaloacetic transaminase (SGOT) ≤ 2.5x ULN, Alkaline phosphatase ≤ 2.5x ULN, and Creatinine ≤ 2x ULN\]. * No clinical evidence of disease (complete remission). * Patients receiving neoadjuvant therapy will be eligible following completion of all adjuvant chemotherapy if indicated. * Patients receiving hormonal therapy in lieu of or following chemotherapy will be eligible to participate. * Patients must have access to a compact disk player. Exclusion criteria: * History or active secondary cancer within the last 5 years (except for superficial basal cell skin cancers). * Any residual chemotherapy-induced CTCv3.0 Grade 2 or greater non-hematological toxicity. * Unable to give informed consent or unable to adhere to protocol. * Any serious medical or psychiatric illness likely to interfere with participation in this clinical study, concurrent uncontrolled illness, or ongoing or active infection will be excluded. * Any history of alcohol or drug abuse. * Allergy to gabapentin. * History of seizure disorder.",27,2008-07,2011-06,Women and Infants Hospital of Rhode Island,"** This clinical trial is testing two treatments for hot flashes in women who have had breast cancer and are receiving endocrine therapy or chemotherapy. One treatment is hypnotherapy, which uses guided meditation to reduce symptoms, while the other is a medication called gabapentin. The goal of this study is to see if hypnotherapy is more effective than gabapentin at controlling hot flashes in women with breast cancer.

**","**
- Women must have had breast cancer and be receiving endocrine therapy or chemotherapy.
- They must experience at least one daily hot flash due to their treatment.
- Participants must be at least 18 years old and have a good performance status (meaning they are not severely ill)."
